{"2388_1196_Music Room":[2289.9067,1131.6257,1,-2.312591E-07],"1970_997_Music Prep Room":[2020.7943,1110.6958,-3.1868188E-07,-1],"518_1000_Cooking Room, front":[455.75238,1110.9623,-0.34680095,-0.93793875],"-414_652_Save Point":[-388.34372,504.25827,-0.7071393,0.70707434],"-1980_1010_Drama Club":[-1879.9424,1126.5969,-3.2584137E-07,-1],"2094_-210_Library, front":[1969.6661,-80.25344,4.0610473E-07,1],"2097_208_Student Council Room, front":[1973.461,99.38708,4.0610445E-07,1],"1463_-214_Girls\u0027 Restroom":[1513.621,-109.28716,-4.935272E-07,-1],"2853_-209_Library, back":[2782.753,-109.13907,-0.10263002,-0.9947196],"-5197_147_Passage, 1F":[-5025.0596,-79.73663,1,-2.9405484E-07],"-427_-421_Stairs up, 1F entrance":[-310.7526,-389.41528,-9.775241E-07,-1],"-41_388_Shoe Lockers":[-310.7417,480.83002,8.901013E-07,1],"-4680_206_Class 1-3, back":[-4680.5747,84.69131,1.1920929E-07,1],"-5402_-55_Sports Clubs":[-5341.42,7.869076,-1,2.0663207E-07],"1548_209_Calligraphy Room, back":[1601.6077,124.34109,-0.03398557,0.9994223],"-569_-2176_Bookstore poster":[-446.09805,-2195.0293,0.9986645,-0.051665276],"-668_-3831_Marukyu Tofu":[-401.87845,-3583.3206,-0.9938103,0.11109051],"-582_488_Aiya Chinese Diner":[-198.55666,673.64246,-0.5738925,-0.8189306],"-649_-713_Souzai Daigaku":[-704.31085,-594.7612,-0.96928704,-0.2459321],"-666_-93_Bulletin board":[-401.91498,125.478745,-0.7417488,-0.6706778],"-604_-3068_Daidara Metalworks":[-597.6377,-3117.5286,-0.9029574,-0.42973012],"-587_-5187_Shiroku Store":[-442.51276,-5087.854,-0.85299027,-0.5219269],"-590_-3368_Mailbox":[-501.87448,-3385.5261,-0.50198364,0.86487716],"-531_-2495_Velvet Room":[-597.69293,-2687.74,0.49132904,0.87097406],"-587_-5009_Capsule machine":[-566.8346,-5055.106,-0.97649634,0.21553415],"-566_-1890_Yomenaido Bookstore":[-474.65546,-1755.4733,-0.7180061,-0.6960368],"437_-2106_Save Point":[365.62723,-2133.8,0.89343494,0.44919276],"708_317_Bus Stop":[557.1868,110.430855,0.3804725,0.92479223],"-17_-6227_Exit to Shopping District North":[56.459534,-5430.091,0.3724013,-0.9280718],"799_202_Calligraphy Room, front":[822.07007,-109.19214,-3.1868194E-07,-1],"387_433_Street exit":[198.5585,-36.845863,-0.71416616,-0.69997627],"7_-103_Home entrance":[77.66079,32.57635,-0.08052516,-0.99675256],"317_56_Examine bike":[343.67145,160.07576,0.66036886,-0.75094146],"-1001_-55_Examine field":[-978.7513,88.65891,0.74542904,-0.666585],"-2329_140_Into classroom, left":[-2316.7078,124.37128,0.026177168,0.99965733],"2847_210_Student Council Room, back":[2855.671,124.093636,4.0610468E-07,1],"470_-146_Entrance door":[474.19662,-99.08035,0.38141704,-0.9244031],"509_30_Examine fridge":[454.00818,17.581263,0.897502,-0.44101036],"-332_-227_Examine living room TV":[-131.0944,-32.79213,-0.6468971,0.7625773],"-54_-225_Tanabata display":[73.721825,-134.94801,0.8717499,-0.4899512],"66_200_Examine my room TV":[180.84114,29.627901,0.5519787,0.8338582],"-168_94_Examine futon":[-6.2966766,59.2479,0.97539556,-0.22046214],"-214_-114_Examine desk":[-164.39899,-48.82945,-0.8041824,-0.5943826],"267_-181_Living room door":[162.62828,-107.368866,-0.13456109,-0.9909053],"104_-217_Save Point":[132.75406,-168.94913,-0.9092437,-0.4162643],"-23_200_Examine trophy":[-69.719986,116.607605,-0.9440998,0.32965997],"249_-42_Examine diary":[181.1751,4.331966,0.26205337,0.9650534],"516_313_Examine kitchen":[397.82788,273.97675,0.7911486,0.61162394],"52_4_Examine small desk":[146.53394,-20.478138,-0.9492158,0.31462583],"-4167_-6390_Vending machine":[-3822.9868,-6401.7334,-0.6651195,-0.74673694],"-25_-2539_Tatsuhime Shrine":[-6.065432,-2400.8054,0.073558986,-0.9972909],"-164_-274_Examine fishing gear":[-168.04906,-120.96246,-0.7162526,0.69784117],"-58_359_Examine farm tools":[113.47388,72.38432,0.30449536,0.9525138]}