{"2388_1196_Music Room":[2289.9067,1131.6257,1,-2.312591E-07],"1970_997_Music Prep Room":[2020.7943,1110.6958,-3.1868188E-07,-1],"518_1000_Cooking Room, front":[455.75238,1110.9623,-0.34680095,-0.93793875],"-414_652_Save Point":[-388.34372,504.25827,-0.7071393,0.70707434],"-1980_1010_Drama Club":[-1879.9424,1126.5969,-3.2584137E-07,-1],"2094_-210_Library, front":[1969.6661,-80.25344,4.0610473E-07,1],"2097_208_Student Council Room, front":[2198.5908,124.77234,4.0610465E-07,1],"1463_-214_Girls\u0027 Restroom":[1772.0582,-24.260643,0.94629097,-0.3233163],"2853_-209_Library, back":[2782.753,-109.13907,-0.10263002,-0.9947196],"-5197_147_Passage, 1F":[-5025.0596,-79.73663,1,-2.9405484E-07],"-427_-421_Stairs up, 1F entrance":[-310.7526,-389.41528,-9.775241E-07,-1],"-41_388_Shoe Lockers":[-310.7417,480.83002,8.901013E-07,1],"-4680_206_Class 1-3, back":[-4680.5747,84.69131,1.1920929E-07,1],"-5402_-55_Sports Clubs":[-5341.42,7.869076,-1,2.0663207E-07],"1548_209_Calligraphy Room, back":[1501.1743,124.45426,4.0610468E-07,1],"-569_-2176_Bookstore poster":[-446.09805,-2195.0293,0.9986645,-0.051665276],"-668_-3831_Marukyu Tofu":[-401.87845,-3583.3206,-0.9938103,0.11109051],"-582_488_Aiya Chinese Diner":[-399.493,679.1275,-0.7630664,-0.6463201],"-649_-713_Souzai Daigaku":[-417.41977,-479.0485,-0.95203984,-0.30597407],"-666_-93_Bulletin board":[-471.46393,-124.68115,-0.93923,0.34328857],"-604_-3068_Daidara Metalworks":[-597.6377,-3117.5286,-0.9029574,-0.42973012],"-587_-5187_Shiroku Store":[-442.51276,-5087.854,-0.85299027,-0.5219269],"-590_-3368_Mailbox":[-506.08047,-3289.302,-0.061467443,0.9981091],"-531_-2495_Velvet Room":[-443.61444,-2407.375,-0.7530292,-0.6579871],"-587_-5009_Capsule machine":[-425.57352,-4844.291,-0.6244035,0.781102],"-566_-1890_Yomenaido Bookstore":[-474.65546,-1755.4733,-0.7180061,-0.6960368],"437_-2106_Save Point":[359.5632,-2221.6072,0.055184595,0.99847615],"708_317_Bus Stop":[557.1868,110.430855,0.3804725,0.92479223],"-17_-6227_Exit to Shopping District North":[56.459534,-5430.091,0.3724013,-0.9280718],"799_202_Calligraphy Room, front":[822.07007,-109.19214,-3.1868194E-07,-1],"387_433_Street exit":[370.18994,-150.68655,0.095299795,-0.99544865],"7_-103_Home entrance":[77.66079,32.57635,-0.08052516,-0.99675256],"317_56_Examine bike":[343.67145,160.07576,0.66036886,-0.75094146],"-1001_-55_Examine field":[-978.7513,88.65891,0.74542904,-0.666585],"-2329_140_Into classroom, left":[-2316.7078,124.37128,0.026177168,0.99965733],"2847_210_Student Council Room, back":[2855.671,124.093636,4.0610468E-07,1],"470_-146_Entrance door":[474.19662,-99.08035,0.38141704,-0.9244031],"509_30_Examine fridge":[454.19705,65.24121,0.9102648,-0.41402665],"-332_-227_Examine living room TV":[-277.71057,-132.18,-0.9967094,-0.08105761],"-54_-225_Tanabata display":[50.342762,-128.85248,0.28401527,-0.9588198],"66_200_Examine my room TV":[180.90703,40.382477,0.9870548,-0.16038328],"-168_94_Examine futon":[55.583313,132.44762,-0.037650347,0.999291],"-214_-114_Examine desk":[-164.39899,-48.82945,-0.8041824,-0.5943826],"267_-181_Living room door":[181.90817,-175.50014,-0.9999923,0.0039264862],"104_-217_Save Point":[59.966713,-160.93242,0.7578517,-0.6524269],"-23_200_Examine trophy":[-69.719986,116.607605,-0.9440998,0.32965997],"249_-42_Examine diary":[181.1751,4.331966,0.26205337,0.9650534],"516_313_Examine kitchen":[444.94278,195.28183,0.30325985,0.9529079],"52_4_Examine small desk":[146.53394,-20.478138,-0.9492158,0.31462583],"376_-423_Stairs to my room":[328.90335,-374.087,0.62756014,-0.778568],"-58_359_Examine farm tools":[-16.018194,236.39185,0.52603453,0.8504632],"-285_76_Cushion":[-324.844,165.1206,0.2606981,-0.9654204]}