{"2388_1196_Music Room":[2340.8596,1289.1504,1,-2.9405484E-07],"1970_997_Music Prep Room":[2020.7943,1110.6958,-3.1868188E-07,-1],"518_1000_Cooking Room, front":[804.1207,1234.4519,0.32205546,0.94672084],"-414_652_Save Point":[-270.21933,608.6674,-0.9853568,0.17050524],"-1980_1010_Drama Club":[-1879.9424,1126.5969,-3.2584137E-07,-1],"2094_-210_Library, front":[1969.6661,-80.25344,4.0610473E-07,1],"2097_208_Student Council Room, front":[2198.5908,124.77234,4.0610465E-07,1],"1463_-214_Girls\u0027 Restroom":[1772.0582,-24.260643,0.94629097,-0.3233163],"2853_-209_Library, back":[2819.041,-109.650475,0.0051552653,-0.9999867],"-5197_147_Passage, 1F":[-5025.0596,-79.73663,1,-2.9405484E-07],"-427_-421_Stairs up, 1F entrance":[-387.30878,-388.99536,-9.775241E-07,-1],"-41_388_Shoe Lockers":[-119.19895,359.97943,0.8910065,0.45399052],"-4680_206_Class 1-3, back":[-4680.5747,84.69131,1.1920929E-07,1],"-5402_-55_Sports Clubs":[-5341.42,7.869076,-1,2.0663207E-07],"1548_209_Calligraphy Room, back":[1501.1743,124.45426,4.0610468E-07,1],"-569_-2176_Bookstore poster":[-474.92474,-2265.697,-0.66608405,0.7458767],"-668_-3831_Marukyu Tofu":[-474.24786,-3747.8237,-0.99952525,0.030811936],"-582_488_Aiya Chinese Diner":[-472.0802,285.32022,-0.74849147,0.6631445],"-649_-713_Souzai Daigaku":[-482.1504,-579.4223,-0.36963496,-0.92917705],"-666_-93_Bulletin board":[-472.0239,49.25715,-0.87185764,-0.48975942],"-604_-3068_Daidara Metalworks":[-580.2533,-3207.142,-0.52887136,0.848702],"-587_-5187_Shiroku Store":[-427.5329,-5331.244,-0.75855064,-0.6516142],"-590_-3368_Mailbox":[-535.0739,-3309.188,-0.8048236,-0.5935142],"-531_-2495_Velvet Room":[-398.2301,-2555.0654,-0.6513517,0.758776],"-587_-5009_Capsule machine":[-566.08655,-4999.664,-0.9816377,-0.1907548],"-566_-1890_Yomenaido Bookstore":[-474.66354,-1816.3928,-0.72053635,-0.6934172],"437_-2106_Save Point":[363.8027,-2171.4695,0.7411214,0.67137104],"708_317_Bus Stop":[746.04675,249.55705,-0.7986355,0.60181504],"-17_-6227_Exit to Shopping District North":[-13.802195,-5317.1167,-0.99138224,0.13100106],"799_202_Calligraphy Room, front":[696.2551,124.696205,-0.02617681,0.99965733],"387_433_Street exit":[374.7027,272.77533,-0.079172716,0.9968609],"7_-103_Home entrance":[-83.72294,56.93304,-0.47459364,-0.8802051],"317_56_Examine bike":[303.80817,135.81178,-0.39925793,-0.91683865],"-1001_-55_Examine field":[-978.7513,88.65891,0.74542904,-0.666585],"-2329_140_Into classroom, left":[-2316.7078,124.37128,0.026177168,0.99965733],"2847_210_Student Council Room, back":[2957.022,91.04251,-0.031480193,0.9995044],"470_-146_Entrance door":[474.11368,-183.19011,0.61300236,0.79008114],"509_30_Examine fridge":[453.73907,78.835526,0.9161,-0.40094987],"-332_-227_Examine living room TV":[-143.18912,-33.31192,-0.44216457,0.896934],"-54_-225_Tanabata display":[100.026085,-148.78572,0.64070714,-0.76778543],"66_200_Examine my room TV":[112.9421,75.924385,-0.06983079,-0.9975589],"-168_94_Examine futon":[51.36488,132.6524,-0.030851303,0.999524],"-214_-114_Examine desk":[-164.39899,-48.82945,-0.8041824,-0.5943826],"267_-181_Living room door":[196.31772,-147.07802,-0.8766582,0.4811138],"104_-217_Save Point":[170.61078,-172.64326,-0.91304654,-0.4078554],"-23_200_Examine trophy":[-69.719986,116.607605,-0.9440998,0.32965997],"249_-42_Examine diary":[146.57124,-45.205387,-0.9316105,0.36345828],"516_313_Examine kitchen":[384.36493,255.94383,0.42649105,0.9044918],"52_4_Examine small desk":[140.7956,-27.210571,-1,0],"376_-423_Stairs to my room":[328.90335,-374.087,0.62756014,-0.778568],"-58_359_Examine farm tools":[36.41512,236.44408,0.47455937,0.8802235],"-285_76_Cushion":[-115.14082,-32.34927,-0.9448242,0.3275779],"-526_-7_To food court":[-353.90375,-32.638313,-0.9718585,0.23556541],"2_-208_Bulletin Board":[-109.70188,-119.21246,-0.36948943,-0.929235],"-827_208_Class 1-1, front":[-473.93497,345.24927,-0.46879286,-0.8833082],"402_522_Out of classroom, upper":[167.50026,499.85498,0.13165617,0.99129546],"1224_163_Street exit 1":[866.98975,62.09749,0.60674214,0.79489875],"310_-611_Okina Station":[708.993,-190.04855,-0.99125564,0.13195544],"961_-815_Crane game":[810.9153,-648.8222,0.29461962,-0.9556146],"1616_-1036_Okina theater":[1442.4828,-1140.8505,0.29610318,-0.95515597],"883_-213_Boys\u0027 Restroom":[915.34033,-109.46531,-3.1868188E-07,-1],"-5200_149_Passage, 2F":[-5062.0273,-205.44086,0.84680873,-0.53189754],"-696_-2299_Shrine main hall":[-703.6165,-2282.1023,-0.9986295,0.052335978],"-1274_-542_Okina cafe":[-1045.8851,-443.02676,0.34202003,-0.9396927],"-501_-695_Okina clothing store":[-476.3264,-404.41214,0.32365945,-0.9461737],"-425_-442_Stairs up, 2F entrance":[-415.49945,-445.5317,-3.18682E-07,-1],"-820_204_Class 2-1, front":[-797.2422,124.40933,-4.750887E-05,1],"-1592_-4569_Tatsumi Textiles":[-1712.6638,-4388.5435,0.7744818,-0.63259625],"0_0_Man in casual clothes":[29.371416,-2562.1077,0.95105654,0.309017],"-25_-2539_Tatsuhime Shrine":[52.655476,-2432.814,0.3090171,-0.95105654],"521_1404_Sewing Room, front":[593.1142,1289.2039,-0.9577354,0.28765073],"794_206_Nurse\u0027s Office":[919.88525,76.46369,0.998332,0.057733387],"2101_-206_Guidance Office, front":[2085.01,-119.88406,0.99670523,0.081109054],"-1723_201_Class 1-1, back":[-1954.8862,178.73503,-0.86593455,0.50015736],"-658_-1482_Model shop":[-510.5905,-1304.0513,-0.3845529,-0.92310303],"-4167_-6390_Vending machine":[-4026.91,-6254.151,-0.6599748,-0.7512877],"-4127_-7164_Jiten":[-4061.9822,-6790.787,-0.5875984,-0.8091528],"-164_-274_Examine fishing gear":[-189.40323,-139.37607,-0.8987008,0.43856236],"1462_-211_Girls\u0027 Restroom":[1403.1605,-25.470734,0.99453604,0.10439405],"136_391_Street exit 3":[439.2215,331.88406,0.63195926,0.77500165],"-2126_-4772_Mailbox":[-1906.4661,-4434.312,0.73479795,-0.67828614],"-99_1288_Street exit 1":[84.71366,773.8326,-0.11831327,0.9929763]}