{"2388_1196_Music Room":[2289.9067,1131.6257,1,-2.312591E-07],"1970_997_Music Prep Room":[2020.7943,1110.6958,-3.1868188E-07,-1],"518_1000_Cooking Room, front":[455.75238,1110.9623,-0.34680095,-0.93793875],"-414_652_Save Point":[-388.32733,512.39514,3.8919234E-07,1],"-1980_1010_Drama Club":[-2065.7686,1110.5028,0.02846905,-0.9995947],"2094_-210_Library, front":[1969.6661,-80.25344,4.0610473E-07,1],"2097_208_Student Council Room, front":[2198.5908,124.77234,4.0610465E-07,1],"1463_-214_Girls\u0027 Restroom":[1503.1074,-109.113815,-0.9029952,-0.42965057],"2853_-209_Library, back":[2782.753,-109.13907,-0.10263002,-0.9947196],"-5197_147_Passage, 1F":[-5025.0596,-79.73663,1,-2.9405484E-07],"-427_-421_Stairs up, 1F entrance":[-310.7526,-389.41528,-9.775241E-07,-1],"-41_388_Shoe Lockers":[-206.94604,480.6524,-0.4420694,0.8969809],"-4680_206_Class 1-3, back":[-4680.5747,84.69131,1.1920929E-07,1],"-5402_-55_Sports Clubs":[-5341.3394,40.482224,-0.8949867,-0.44609287],"1548_209_Calligraphy Room, back":[1501.1743,124.45426,4.0610468E-07,1],"-569_-2176_Bookstore poster":[-446.09805,-2195.0293,0.9986645,-0.051665276],"-668_-3831_Marukyu Tofu":[-401.87845,-3583.3206,-0.9938103,0.11109051],"-582_488_Aiya Chinese Diner":[-399.493,679.1275,-0.7630664,-0.6463201],"-649_-713_Souzai Daigaku":[-417.41977,-479.0485,-0.95203984,-0.30597407],"-666_-93_Bulletin board":[-374.45288,138.31499,-0.96268386,-0.2706287],"-604_-3068_Daidara Metalworks":[-597.6377,-3117.5286,-0.9029574,-0.42973012],"-587_-5187_Shiroku Store":[-442.51276,-5087.854,-0.85299027,-0.5219269],"-590_-3368_Mailbox":[-506.08047,-3289.302,-0.061467443,0.9981091],"-531_-2495_Velvet Room":[-443.61444,-2407.375,-0.7530292,-0.6579871],"-587_-5009_Capsule machine":[-425.57352,-4844.291,-0.6244035,0.781102],"-566_-1890_Yomenaido Bookstore":[-474.65546,-1755.4733,-0.7180061,-0.6960368],"437_-2106_Save Point":[365.62723,-2133.8,0.89343494,0.44919276],"708_317_Bus Stop":[557.1868,110.430855,0.3804725,0.92479223],"-17_-6227_Exit to Shopping District North":[56.459534,-5430.091,0.3724013,-0.9280718],"799_202_Calligraphy Room, front":[822.07007,-109.19214,-3.1868194E-07,-1],"387_433_Street exit":[437.27292,273.0772,-0.51851916,0.85506606],"7_-103_Home entrance":[77.66079,32.57635,-0.08052516,-0.99675256],"317_56_Examine bike":[343.67145,160.07576,0.66036886,-0.75094146],"-1001_-55_Examine field":[-978.7513,88.65891,0.74542904,-0.666585],"-2329_140_Into classroom, left":[-2316.7078,124.37128,0.026177168,0.99965733],"2847_210_Student Council Room, back":[2855.671,124.093636,4.0610468E-07,1],"470_-146_Entrance door":[474.19662,-99.08035,0.38141704,-0.9244031],"509_30_Examine fridge":[454.09567,17.949818,0.8853455,-0.46493366],"-332_-227_Examine living room TV":[-265.28656,-58.437485,-0.83388144,0.5519436],"-54_-225_Tanabata display":[-111.18952,-102.22948,-0.49296075,0.87005156],"66_200_Examine my room TV":[180.98604,132.03625,0.91333365,0.407212],"-168_94_Examine futon":[-98.57655,124.688515,-0.9995692,-0.029352162],"-214_-114_Examine desk":[-164.39899,-48.82945,-0.8041824,-0.5943826],"267_-181_Living room door":[162.30226,-106.215225,-0.43025863,-0.90270567],"104_-217_Save Point":[59.966713,-160.93242,0.7578517,-0.6524269],"-23_200_Examine trophy":[-69.719986,116.607605,-0.9440998,0.32965997],"249_-42_Examine diary":[181.1751,4.331966,0.26205337,0.9650534],"516_313_Examine kitchen":[444.94278,195.28183,0.30325985,0.9529079],"52_4_Examine small desk":[146.53394,-20.478138,-0.9492158,0.31462583],"-526_-7_To food court":[-14.2971325,-94.91815,0.94683784,0.3217113],"-58_359_Examine farm tools":[36.39301,187.63606,0.944326,0.32901138],"-285_76_Cushion":[-235.75478,181.60956,0.2878109,-0.9576873],"1415_1000_Cooking Room, back":[1191.7389,1086.8829,-0.08998571,-0.99594307],"-2882_1004_Meeting Room":[-3015.1543,1110.7788,0.02846905,-0.9995947],"794_206_Nurse\u0027s Office":[977.91626,136.79909,0.9836464,0.18011063],"1906_228_Faculty Office, left":[1784.4473,-127.206276,-0.65232664,-0.75793797],"-2320_209_Class 1-2, front":[-2180.6963,119.695885,-0.8160989,0.57791233],"-1723_201_Class 1-1, back":[-1871.1398,117.88325,-0.5789648,0.81535256]}